params,WMAE,NAE
nnzcoefs_1,117.204227,19.875298
nnzcoefs_10,105.973559,19.745774
nnzcoefs_50,300.763600,60.604621
nnzcoefs_100,554.849850,125.328097
