params,WMAE,NAE
alpha_0.0001,71.810591,10.402623
alpha_0.001,73.247571,10.859826
alpha_0.01,77.578871,11.100273
alpha_0.1,86.104316,13.117854
alpha_1,145.562564,18.843037
alpha_10,145.562564,18.843037
alpha_100,145.562564,18.843037
alpha_1000,145.562564,18.843037
