params,WMAE,NAE
alpha_1e-05,75.683324,11.379530
alpha_0.0001,75.683324,11.379530
alpha_0.001,75.716351,11.379563
alpha_0.01,78.405097,11.383744
alpha_0.1,86.104320,13.117598
alpha_1,145.562564,18.843037
alpha_10,145.562564,18.843037
alpha_100,145.562564,18.843037
alpha_1000,145.562564,18.843037
