params,WMAE,NAE
"hidden_[200, 200]",96.924979,13.515256
"hidden_[200, 500]",78.308178,12.774593
"hidden_[500, 200]",106.697487,14.437542
"hidden_[500, 500]",84.551475,13.172035
"hidden_[200, 500, 200]",59.236844,8.540824
"hidden_[200, 500, 500, 200]",63.466214,9.348705
